discount_rate,efficiency_gain,npv
0.05,0.3,-9645724.603171147
0.05,0.4,-8067587.305284072
0.05,0.5,-6489450.007396996
0.07,0.3,-12390177.813568257
0.07,0.4,-10954726.312558614
0.07,0.5,-9519274.811548978
0.1,0.3,-15845598.970781315
0.1,0.4,-14589796.923985817
0.1,0.5,-13333994.877190318
